[{"id":"user-image-cvxcx-min1.jpg","publicUrl":"np://user.desktop.nicepage.com/Site_282872413/images/cvxcx-min1.jpg","size":204466,"hash":"8WTAdVi3rQ3BcxARMoTzxBTf8Mw=","fileName":"cvxcx-min1.jpg","name":"cvxcx-min1","width":1980,"height":1114,"thumbnail":{"url":"np://user.desktop.nicepage.com/Site_282872413/images/thumbnails/cvxcx-min1.jpg","width":250,"height":141},"usages":["40007374"]},{"id":"user-image-ewwe.jpg","publicUrl":"np://user.desktop.nicepage.com/Site_282872413/images/ewwe.jpg","size":190026,"hash":"aCHuvzMCt79Y9KAdHsfcW73sSEE=","fileName":"ewwe.jpg","name":"ewwe","width":1980,"height":1077,"thumbnail":{"url":"np://user.desktop.nicepage.com/Site_282872413/images/thumbnails/ewwe.jpg","width":250,"height":136},"usages":[]},{"id":"user-image-favicon.ico","publicUrl":"np://user.desktop.nicepage.com/Site_282872413/images/favicon.ico","size":1150,"hash":"a1ksiqfVEajJP9Ix4e1uuUVESnU=","fileName":"favicon.ico","name":"favicon","width":16,"height":16,"thumbnail":{"url":"np://user.desktop.nicepage.com/Site_282872413/images/favicon.ico","width":16,"height":16,"length":1150},"usages":[]},{"id":"user-image-rer.jpg","publicUrl":"np://user.desktop.nicepage.com/Site_282872413/images/rer.jpg","size":235314,"hash":"dswfTMUjw78YK36NDEgjld3ObpU=","fileName":"rer.jpg","name":"rer","width":1200,"height":800,"thumbnail":{"url":"np://user.desktop.nicepage.com/Site_282872413/images/thumbnails/rer.jpg","width":250,"height":167},"usages":[]}]