[{"id":192189607,"title":"Blog Template","order":1,"templateKey":"blog","customTemplate":false,"customTemplateFilename":null,"pageLinks":[],"dateCreated":"2021-06-27T23:50:40.258Z","dateUpdated":"2021-06-27T23:50:40.269Z","folderId":null,"pageName":null,"serverPageId":null,"status":2,"backwardUrl":null},{"id":131934485,"title":"Post Template","order":2,"templateKey":"post","customTemplate":false,"customTemplateFilename":null,"pageLinks":[],"dateCreated":"2021-06-27T23:50:40.258Z","dateUpdated":"2021-06-27T23:50:40.270Z","folderId":null,"pageName":null,"serverPageId":null,"status":2,"backwardUrl":null},{"id":78142188,"title":"Product List Template","order":3,"templateKey":"products","customTemplate":false,"customTemplateFilename":null,"pageLinks":[],"dateCreated":"2021-06-27T23:50:40.258Z","dateUpdated":"2021-06-27T23:50:40.269Z","folderId":null,"pageName":null,"serverPageId":null,"status":2,"backwardUrl":null},{"id":210126196,"title":"Product Details Template","order":4,"templateKey":"product","customTemplate":false,"customTemplateFilename":null,"pageLinks":[],"dateCreated":"2021-06-27T23:50:40.259Z","dateUpdated":"2021-06-27T23:50:40.274Z","folderId":null,"pageName":null,"serverPageId":null,"status":2,"backwardUrl":null},{"id":2825827844,"title":"Shopping Cart Template","order":5,"templateKey":"cart","customTemplate":false,"customTemplateFilename":null,"pageLinks":[],"dateCreated":"2021-06-27T23:50:40.258Z","dateUpdated":"2021-06-27T23:50:40.282Z","folderId":null,"pageName":null,"serverPageId":null,"status":2,"backwardUrl":null},{"id":31051674,"title":"Checkout Template","order":6,"templateKey":"checkout","customTemplate":false,"customTemplateFilename":null,"pageLinks":[],"dateCreated":"2024-03-10T21:59:31.685Z","dateUpdated":"2024-03-10T21:59:32.060Z","folderId":null,"pageName":"Checkout Template","serverPageId":null,"sectionCount":1,"status":2,"backwardUrl":null},{"id":296690876,"title":"Login Template","order":7,"templateKey":"login","customTemplate":false,"customTemplateFilename":null,"pageLinks":[],"dateCreated":"2021-06-27T23:50:40.259Z","dateUpdated":"2021-06-27T23:50:40.271Z","folderId":null,"pageName":null,"serverPageId":null,"status":2,"backwardUrl":null},{"id":48952552,"title":"Page Password Template","order":8,"templateKey":"password","customTemplate":false,"customTemplateFilename":null,"pageLinks":[],"dateCreated":"2024-03-10T21:59:31.897Z","dateUpdated":"2024-03-10T21:59:32.060Z","folderId":null,"pageName":"Page Password Template","serverPageId":null,"sectionCount":1,"status":2,"backwardUrl":null},{"id":162411992,"title":"404 Not Found Template","order":9,"templateKey":"404","customTemplate":false,"customTemplateFilename":null,"pageLinks":[],"dateCreated":"2021-06-27T23:50:40.258Z","dateUpdated":"2021-06-27T23:50:40.271Z","folderId":null,"pageName":null,"serverPageId":null,"status":2,"backwardUrl":null},{"id":150358606,"title":"Thank You Page Template","order":10,"templateKey":"ThankYou","customTemplate":false,"customTemplateFilename":null,"pageLinks":[],"dateCreated":"2024-03-10T21:59:31.998Z","dateUpdated":"2024-03-10T21:59:32.060Z","folderId":null,"pageName":"Thank You Page Template","serverPageId":null,"sectionCount":1,"status":2,"backwardUrl":null},{"id":749907469,"title":"Home1","order":50,"templateKey":null,"customTemplate":false,"customTemplateFilename":null,"pageLinks":[],"dateCreated":"2021-06-27T23:50:40.259Z","dateUpdated":"2021-06-27T23:50:40.274Z","folderId":null,"pageName":null,"serverPageId":null,"status":2,"backwardUrl":null},{"id":40007374,"title":"Digitize","order":51,"templateKey":null,"customTemplate":false,"customTemplateFilename":null,"pageLinks":[],"dateCreated":"2021-06-27T23:50:40.259Z","dateUpdated":"2024-03-10T22:14:24.610Z","folderId":null,"pageName":"Digitize_40007374","serverPageId":null,"sectionCount":1,"status":2,"backwardUrl":null}]